PlanetName,Position,System,Sector,PlanetType,Environment,Length of Day,Length of Year,Sentient Species,Other Species,Capital City,Region,World,Atmosphere,Gravity,Diameter
Laakteen Depot,,,,Planet,,,,,,,,,,,
Laazrau,8th,Zug,,Planet,Gas giant,,,,,,Core Worlds,,,,
Laboi II,2nd,Laboi,,Planet,Hot,2025,2,Laboi,Ovolyan,,,,,,
Lacia,3rd,Recopi,,Planet,Gas giant,,,,,,Core Worlds,,,,
Ladarra,,,,Planet,Desert,,,,Human,,,,,,
Ladro,,,,Planet,Temperate,,,,,,,,,,
Laertos,,,,Planet,,,,,,,,,,,
Lafra,,,Orus?,Planet,Varied,,,Lafrarian,Human,,Outer Rim,,,,
Lahsbane,,,,Planet,,,,"Lahsbee, Huhk",,,,,,,
Laim,,Laim,Rayter,Planet,,,,,,,,,,,
Lamarebb,1st,Lamaro,,Planet,Gas giant,,,,,,Outer Rim,,,,
Lamarecc,2nd,Lamaro,,Planet,Gas giant,,,,,,Outer Rim,,,,
Lamaredd (Great Menahua),3rd,Lamaro,,Planet,Tropical wilderness,24,,Menahuun,Human,Bartyn's Landing,Outer Rim,,Breathable,Standard,
Lamaremm,4th,Lamaro,,Planet,Frozen ice,,,,,,Outer Rim,,,,
Lammax,,Danju,Tapani,Planet,,,,,,,Colonies,,,,
Lamuir IV,4th,Lamuir,Tapani,Planet,Temperate,23,377,Herglic,Human,Gryle City,Colonies,,,,
Lamuir VII,7th,Lamuir,Tapani,Planet,,,,,,,Colonies,,,,
Lan Barell,4th,Lan,,Planet,Desert,23,255,Qieg,Human,Shulell,,,,,
Lan Fellov,2nd,Lan,,Planet,Rocky wastes,,,,,,,,,,
Lan Tundi,3rd,Lan,,Planet,Rocky wastes,,,,,,,,,,
Langhesa,,,,Planet,,,,Human,,,,,,,
Langoona,,,,Planet,,,,Human?,,,,,,,
Lankashiir,,,,Planet,,,,Human,,,,,,,
Lannik,,,,Planet,,,,Lannik,,,Mid Rim,,,,
Lansono,,,,Planet,,,,,,,,,,,
Lanthe,,,,Planet,,,,,,,Mid Rim,,,,
Lanthrym,,Lanthrym,Elrood,Planet,Frozen plains,,,,"Gamorrean, Human",,Outer Rim,,,,
Lapez 3,3rd,Lapez,,Planet,,,,,,,,,,,
Laramus,,Laramus,Parmic,Planet,,,,,,,,,,,
Lasan,,,,Planet,Arid plans and mountains,,,Lasat,,,Outer Rim,,,,
Lastelle,,Lastelle,Tapani,Planet,,,,,,,Colonies,,,,
L'at,,Koornacht Cluster,Farlax,Planet,,,,,,,Core Worlds,,,,
Latharra,,,,Planet,,,,,,,,,,,
Latoma,1st,Latoma,Brak,Planet,,,,,,,,,,,
Latt,3rd,Demar,Brak,Planet,Rocky wastes,,,,,,,,,,
Laud,,,Brak,Planet,,,,,,,,,,,
Lavisar,,,,Planet,,,,,,,,,,,
Lazerian IV,4th,Lazerian,,Planet,Temperate,24,360,Akwin,Human,Lazeria City,,,,,
Lazerian IX,9th,Lazerian,,Planet,Frigid Rock,,,None,None,,,,,,
Lazerian VI,6th,Lazerian,,Planet,Gas Giant,,,None,None,,,,,,
Lazerian VII,7th,Lazerian,,Planet,Gas Giant,,,None,None,,,,,,
Lekua V,5th,Lekua,Centrality,Planet,Temperate,,,,,,Outer Rim,,,,
Lelmra,,,Churba?,Planet,Mountainous,,,,,,Outer Rim,,,,
Lemmi VI,,,,Planet,Jungle,,,,,,,,,,
Lenniera,,,Darpa,Planet,,,,,,,Core Worlds,,,,
Lenthalis,,Secossi,Spirva,Planet,Temperate,,,,Various,,,,,,
Lequabis,,,,Planet,Gas giant,,,None,None,,,,,,
Leria Kerlsil,,Leria Kerlsil,,Planet,Temperate,22,302,"Human, Life Witch",,,,,,,
Leritor,,,,Planet,Temperate,28,322,Sauvax,,,Mid Rim,,,,
Lesser Galam,1st,Lan,,Planet,,,,,,,,,,,
Lessuris,,,,Planet,,,,Human,,,,,,,
Lesu,,,Dail,Planet,,,,,,,,,,,
Letev,,Letev,Tapani,Planet,,,,,,,Colonies,,,,
Lethe,,,,Planet,,,,Various,,,,,,,
Levian Two,2nd,Levian,,Planet,,,,Human?,,,,,,,
Leviathan,6th,Sacorria,Corellian,Planet,Gas giant,,,,,,Core Worlds,,,,
Lexrol,,Lexrol,Trax,Planet,,,,Human,,,,,,,
Lianna,4th,Lianna,Allied Tion,Planet,Temperate,22,370,Human,,,Outer Rim,,,,
Licha In,,Lichan,Gree Enclave,Planet,Varied,24,364,,Gree,,,,,,
Liinade III,3rd,Liinade,Ciutric Hegemony,Planet,Temperate,,,,Human,,,,,,
Liintaar,,,,Planet,,,,,,,,,,,
Lijuter,1st,Reibrin,Ansuroer,Planet,,,,Houk,,,,,,,
Linuri,,,Sumitra,Planet,Temperate,,,,,,,,,,
Liok,,,,Planet,,,,,,,,,,,
Lirra,,,Baxel,Planet,,,,,,,,,,,
Lis,1st,Cirius,,Planet,Molten rock,,,,,,Core Worlds,,,,
Lisal,,,,Planet,,,,,,,,,,,
Lish,6th,Demar,Brak,Planet,Gas giant,,,,,,,,,,
Listoria,,Listoria,Tapani,Planet,,,,,,,Colonies,,,,
Little Capella,,,,Planet,,,,,,,,,,,
Liyha,6th,Kalinda,,Planet,Frozen ice,,,None,None,,,,,,
Lobaoc,,,,Planet,Semi-aquatic,,,,Human,,Outer Rim,,,,
Loce,,,,Planet,,,,Locan,,,,,,,
Lockest IV,4th,Lockest,,Planet,,,,,,,,,,,
Logru,1st,Honoghr,,Planet,Molten rock,,,None,None,,Outer Rim,,,,
Lohopa II,2nd,Lohopa,,Planet,Urban,25,414,None,Human,,,,,,
Lok,,Karthakk,,Planet,Arid,,,Various,,,Outer Rim,,,,
Lolnar,,,,Planet,,,,,Human,,,,,,
Lomabu I,1st,Lomabu,,Planet,,,,,,,,,,,
Lomabu II,2nd,Lomabu,,Planet,,,,,,,,,,,
Lomabu III,3rd,Lomabu,,Planet,Oceanic,,,Lomabuan,,,,,,,
Lomabu IV,4th,Lomabu,,Planet,,,,,,,,,,,
Lomabu V,5th,Lomabu,,Planet,,,,,,,,,,,
Lomabu VI,6th,Lomabu,,Planet,,,,,,,,,,,
Lonatro,,Lonatro,Gree Enclave,Planet,Terraformed,22,340,Gree,,,,,,,
Londori,,,,Planet,,,,,,,,,,,
Longwind,,,Trax,Planet,,,,,,,,,,,
Loovria,,,,Planet,,,,,,,,,,,
Lorahns,,,,Planet,,,,,,,,,,,
Lorardian,,,,Planet,,,,,,,,,,,
Lorell,,,Hapes Cluster,Planet,,,,Human,,,Inner Rim,,,,
Lorenz,,Lorenz,Tapani,Planet,,,,,,,Colonies,,,,
Loretto,,,,Planet,,,,,,,,,,,
Lorimax,,,Fakir,Planet,Temperate,,,,Human,,,,,,
Lorista,,,,Planet,Temperate,,,,Zabrak,,,,,,
Loronar,,,,Planet,,,,,,,,,,,
Lorora,3rd,Chandrila,Bormea,Planet,Toxic,,,,,,Core Worlds,,,,
Lorrad,,,Allied Tion,Planet,,,,,,,Outer Rim,,,,
Lorrd,,Kanz?,Corporate?,Planet,Hot,,,Human,,,Tingel Arm,,,,
Lors,1st,Duros,Duro (Corellian),Planet,Hot rock,,,,,,Core Worlds,,,,
Lorta,,,,Planet,,,,Lortan,,,Mid Rim,,,,
Lota,,Brak,,Planet,,,,,,,,,,,
Loth,,,,Planet,,,,,Rubygrub Cyst,,,,,,
Lotide,,,Mortex,Planet,Swamps,,,,,,,,,,
Lo'Uran,,,,Planet,,,,,,,,,,,
Lowick,,Pa'Lowick,,Planet,Mountainous,,,Pa'lowick,,,,,,,
Low'n,,,,Planet,,,,Lowen,,,Mid Rim,,,,
Loxizhra,2nd,Polith,,Planet,Desert,,,,,,,,,,
Lucazec,,,,Planet,Temperate,,,Human (Fallanassi),,,,,,,
Lucrenn,,,Skine,Planet,,,,,,,,,,,
Lupani,,Lupani,Tapani,Planet,,,,,,,Colonies,,,,
Lur,,,Corporate,Planet,Frozen wastes,,,Lurian,,,Tingel Arm,,,,
Lurr,,,,Planet,,,,,,,,,,,
Lusdu,,,,Planet,,,,,,,,,,,
Lusk,,Lusk,Tapani,Planet,,,,,,,Colonies,,,,
Lutrillia,,,Yarith,Planet,Barren plains,21,380,Lutrillian,,,Outer Rim,,Breathable,Standard,
Luuq Two,2nd,,,Planet,,,,,,,,,,,
Luxior 7,7th,Luxior,,Planet,,,,,,,,,,,
Lwhekk,,Ssi'kaat,,Planet,Hot jungle,32,344,"Ssi-ruuk, P'w'eck",,,Unknown Region,,,,
Lynaria,7th,Atrig,,Planet,Methane wastes,,,None,None,,Outer Rim,,,,
Lynx,,Lynx,Tapani,Planet,,,,,,,Colonies,,,,
Lyran IV,4th,Lyran,,Planet,Rolling plains,,,,Various,,Outer Rim,,,,
Lythos Nine,9th,Lythos,,Planet,Temperate,,,,,,,,,,
